<?xml version="1.0" encoding="UTF-8"?>
<project-private xmlns="http://www.netbeans.org/ns/project-private/1">
    <editor-bookmarks xmlns="http://www.netbeans.org/ns/editor-bookmarks/2" lastBookmarkId="0"/>
    <open-files xmlns="http://www.netbeans.org/ns/projectui-open-files/2">
        <group>
            <file>file:/C:/Users/usuario/Documents/NetBeansProjects/Parcial2/src/Logica/BebidaNoAlcoholica.java</file>
            <file>file:/C:/Users/usuario/Documents/NetBeansProjects/Parcial2/src/Logica/FRM.java</file>
            <file>file:/C:/Users/usuario/Documents/NetBeansProjects/Parcial2/src/Logica/BebidaAlcoholica.java</file>
            <file>file:/C:/Users/usuario/Documents/NetBeansProjects/Parcial2/src/Logica/TipoBebida.java</file>
            <file>file:/C:/Users/usuario/Documents/NetBeansProjects/Parcial2/src/Logica/Plato.java</file>
            <file>file:/C:/Users/usuario/Documents/NetBeansProjects/Parcial2/src/Logica/TipoComidaRapida.java</file>
            <file>file:/C:/Users/usuario/Documents/NetBeansProjects/Parcial2/src/parcial2/Parcial2.java</file>
            <file>file:/C:/Users/usuario/Documents/NetBeansProjects/Parcial2/src/Logica/TipoPlato.java</file>
            <file>file:/C:/Users/usuario/Documents/NetBeansProjects/Parcial2/src/Logica/CalidadBebidas.java</file>
        </group>
    </open-files>
</project-private>
